,crawl_date,crawl_url,adsAge,jobs,Vollzeit,Teilzeit,Festanstellung,Freie Mitarbeit,Minijob,Praktikum,Befristet,Ausbildung,Werkvertrag,Auf Kommission,Berlin,München,Hamburg,Frankfurt am Main,Düsseldorf,Home Office,Köln,Karlsruhe,Stuttgart,Mannheim,Chemnitz,Dresden,Hannover,Wiesbaden,company0,company0Ads,company1,company1Ads,company2,company2Ads,company3,company3Ads,company4,company4Ads,company5,company5Ads,company6,company6Ads,company7,company7Ads,company8,company8Ads,company9,company9Ads,company10,company10Ads,company11,company11Ads,company12,company12Ads,company13,company13Ads,company14,company14Ads,Deutsch,English,Bremen,Mainz,Nürnberg,Polski,Leipzig,Essen,Dortmund,français,Nederlands,Halle (Saale)
0,05/25/2020;00:06;,https://de.indeed.com/Jobs?as_and=&as_phr=&as_any=&as_not=&as_ttl=&as_cmp=&st=&as_src=&radius=25&l=Deutschland&fromage=0&limit=10&sort=&psf=advsrch&from=advancedsearch,1,1512,528,242,155,40,35,21,18,16,13,1,97,83,40,28,24,21,21,20,19,18,16,15,15,14,Ranger Marketing & Vertriebs GmbH,311,Melanie Woltersdorf Personalberatung,36,SSA Main-Kinzig-Kreis,34,Bilfinger SE,25,TCC-The Chef´s Company GmbH,20,SSA Lahn-Dill-Kreis/LK Limburg-Weilburg,18,Schülerhilfe GmbH & Co. KG,18,SSA Hochtaunuskreis/Wetteraukreis,18,Dr. Staber & Kollegen GmbH,17,SSA LK Groß-Gerau/Main-Taunus-Kreis,17,SSA Landkreis Marburg-Biedenkopf,17,SSA Schwalm-Eder-Kr/LK Waldeck-Frankenb.,16,arvea GmbH,15,WEBER GmbH,15,Amadeus FiRe,13,1484,28,,,,,,,,,,
1,05/25/2020;00:06;,https://de.indeed.com/Jobs?as_and=&as_phr=&as_any=&as_not=&as_ttl=&as_cmp=&st=&as_src=&radius=25&l=Deutschland&fromage=1&limit=10&sort=&psf=advsrch&from=advancedsearch,2,3963,886,492,368,77,81,38,39,61,27,9,263,202,163,72,78,40,49,31,51,41,,,31,,Hera Med GmbH,563,Ranger Marketing & Vertriebs GmbH,317,aba logistics GmbH,214,Amadeus FiRe,140,abakus Personal GmbH & Co. KG,110,SCORE Personal,74,meteor Personaldienste AG & Co. KGaA,51,aventa Personalmanagement GmbH,46,Schülerhilfe GmbH & Co. KG,45,AWO Bezirksverband Oberbayern e.V.,43,Deutsche Bahn,42,APC Consult,40,Melanie Woltersdorf Personalberatung,36,SSA Main-Kinzig-Kreis,34,TCC-The Chef´s Company GmbH,34,3880,81,62,34,32,2,,,,,,
2,05/25/2020;00:06;,https://de.indeed.com/Jobs?as_and=&as_phr=&as_any=&as_not=&as_ttl=&as_cmp=&st=&as_src=&radius=25&l=Deutschland&fromage=2&limit=10&sort=&psf=advsrch&from=advancedsearch,3,12826,4085,1973,1372,171,311,109,276,128,85,12,923,539,534,217,231,,293,,157,,161,104,,,Hera Med GmbH,563,I.K. Hofmann GmbH,436,Ranger Marketing & Vertriebs GmbH,317,Herrmann Personal,301,Amadeus FiRe,294,ACTIEF Personalmanagement GmbH,287,akut...Medizinische Personallogistik GmbH,265,Runtime,247,aba logistics GmbH,214,All.medi Personallogistik GmbH,192,DEKRA Arbeit Gruppe,146,KCS Medical GmbH,136,DIS AG,135,KiKxxl GmbH,133,abakus Personal GmbH & Co. KG,110,12524,266,190,,207,11,166,110,110,17,5,
3,05/25/2020;00:06;,https://de.indeed.com/Jobs?as_and=&as_phr=&as_any=&as_not=&as_ttl=&as_cmp=&st=&as_src=&radius=25&l=Deutschland&fromage=3&limit=10&sort=&psf=advsrch&from=advancedsearch,4,16953,4765,2405,1651,205,360,143,369,154,101,14,1182,640,725,296,283,,375,,185,,173,193,,,Hera Med GmbH,910,EXPERTS & TALENTS GmbH,553,I.K. Hofmann GmbH,455,Amadeus FiRe,432,Ranger Marketing & Vertriebs GmbH,317,Runtime,311,Herrmann Personal,301,ACTIEF Personalmanagement GmbH,289,akut...Medizinische Personallogistik GmbH,265,EXPERTS & TALENTS Halle GmbH,249,aba logistics GmbH,228,All.medi Personallogistik GmbH,192,EXPERTS & TALENTS Personaldienstleistungen Rhein GmbH,170,DIS AG,153,DEKRA Arbeit Gruppe,146,16523,384,215,,233,14,294,152,,17,5,252
4,05/25/2020;00:07;,https://de.indeed.com/Jobs?as_and=&as_phr=&as_any=&as_not=&as_ttl=&as_cmp=&st=&as_src=&radius=25&l=Deutschland&fromage=4&limit=10&sort=&psf=advsrch&from=advancedsearch,5,28386,8998,4418,3065,315,648,211,718,256,165,53,1922,1280,1208,471,471,,609,,333,,,333,246,,Hera Med GmbH,910,I.K. Hofmann GmbH,657,Amadeus FiRe,610,ACTIEF Personalmanagement GmbH,598,EXPERTS & TALENTS GmbH,555,Runtime,455,All.medi Personallogistik GmbH,380,akut...Medizinische Personallogistik GmbH,343,Herrmann Personal,325,Ranger Marketing & Vertriebs GmbH,317,DIS AG,303,EXPERTS & TALENTS Halle GmbH,249,DEKRA Arbeit Gruppe,241,aba logistics GmbH,229,Lidl,223,27635,660,304,,396,21,438,297,,32,9,331
5,05/25/2020;00:07;,https://de.indeed.com/Jobs?as_and=&as_phr=&as_any=&as_not=&as_ttl=&as_cmp=&st=&as_src=&radius=25&l=Deutschland&fromage=5&limit=10&sort=&psf=advsrch&from=advancedsearch,6,38412,12853,6153,4501,416,889,277,1014,334,216,124,2535,1728,1600,674,598,,801,,461,,,457,347,,Hera Med GmbH,1083,I.K. Hofmann GmbH,927,Amadeus FiRe,705,ACTIEF Personalmanagement GmbH,678,Runtime,568,EXPERTS & TALENTS GmbH,563,DIS AG,415,DEKRA Arbeit Gruppe,409,akut...Medizinische Personallogistik GmbH,395,All.medi Personallogistik GmbH,380,Herrmann Personal,328,Ranger Marketing & Vertriebs GmbH,317,KCS Medical GmbH,292,Lehmann Personalmanagement GmbH,285,Lidl,279,37378,926,424,,497,27,539,418,,36,11,365
6,05/25/2020;00:07;,https://de.indeed.com/Jobs?as_and=&as_phr=&as_any=&as_not=&as_ttl=&as_cmp=&st=&as_src=&radius=25&l=Deutschland&fromage=6&limit=10&sort=&psf=advsrch&from=advancedsearch,7,57985,16644,11592,5777,552,1113,350,1314,477,264,189,3528,2360,2161,872,817,,1028,,634,,,756,503,,Netto Marken-Discount,9503,I.K. Hofmann GmbH,1168,Hera Med GmbH,1083,Amadeus FiRe,860,ACTIEF Personalmanagement GmbH,848,Runtime,792,All.medi Personallogistik GmbH,672,EXPERTS & TALENTS GmbH,563,DIS AG,532,akut...Medizinische Personallogistik GmbH,503,DEKRA Arbeit Gruppe,457,Lidl,370,KCS Medical GmbH,346,Herrmann Personal,331,Ranger Marketing & Vertriebs GmbH,320,56725,1122,595,,684,36,706,525,,42,15,445
7,05/25/2020;00:07;,https://de.indeed.com/Jobs?as_and=&as_phr=&as_any=&as_not=&as_ttl=&as_cmp=&st=&as_src=&radius=25&l=Deutschland&fromage=7&limit=10&sort=&psf=advsrch&from=advancedsearch,8,63705,17347,11892,6096,606,1148,370,1332,487,276,189,3760,2516,2279,934,892,,1111,,705,,,792,644,,Netto Marken-Discount,9503,Promedis24,1843,I.K. Hofmann GmbH,1169,Hera Med GmbH,1083,Amadeus FiRe,997,Runtime,914,ACTIEF Personalmanagement GmbH,848,Promedis24 Nord GmbH,838,Brunel,789,PRIOMED GmbH,677,All.medi Personallogistik GmbH,672,EXPERTS & TALENTS GmbH,563,DIS AG,541,akut...Medizinische Personallogistik GmbH,503,DEKRA Arbeit Gruppe,457,62412,1152,646,,755,36,779,578,463,42,17,
8,05/25/2020;00:07;,https://de.indeed.com/Jobs?as_and=&as_phr=&as_any=&as_not=&as_ttl=&as_cmp=&st=&as_src=&radius=25&l=Deutschland&fromage=8&limit=10&sort=&psf=advsrch&from=advancedsearch,9,65231,17773,12196,6393,666,1182,395,1370,500,287,190,3912,2602,2335,972,920,,1138,,730,470,,814,656,,Netto Marken-Discount,9503,Promedis24,1843,I.K. Hofmann GmbH,1169,Amadeus FiRe,1136,Hera Med GmbH,1083,Runtime,914,ACTIEF Personalmanagement GmbH,848,Promedis24 Nord GmbH,838,Brunel,789,PRIOMED GmbH,677,All.medi Personallogistik GmbH,672,EXPERTS & TALENTS GmbH,563,DIS AG,552,akut...Medizinische Personallogistik GmbH,503,DEKRA Arbeit Gruppe,457,63891,1197,659,,776,36,790,588,,42,17,
9,05/25/2020;00:07;,https://de.indeed.com/Jobs?as_and=&as_phr=&as_any=&as_not=&as_ttl=&as_cmp=&st=&as_src=&radius=25&l=Deutschland&fromage=9&limit=10&sort=&psf=advsrch&from=advancedsearch,10,75026,21367,13809,7601,769,1389,461,1635,604,328,201,4446,3014,2940,1152,1069,,1314,,843,,,926,750,,Netto Marken-Discount,9503,Promedis24,1843,I.K. Hofmann GmbH,1367,Amadeus FiRe,1295,ACTIEF Personalmanagement GmbH,1214,Hera Med GmbH,1083,Runtime,973,Promedis24 Nord GmbH,838,Brunel,789,All.medi Personallogistik GmbH,706,PRIOMED GmbH,677,DIS AG,660,DEKRA Arbeit Gruppe,592,akut...Medizinische Personallogistik GmbH,572,EXPERTS & TALENTS GmbH,563,73447,1413,752,,943,42,911,708,568,46,20,
10,05/25/2020;00:08;,https://de.indeed.com/Jobs?as_and=&as_phr=&as_any=&as_not=&as_ttl=&as_cmp=&st=&as_src=&radius=25&l=Deutschland&fromage=10&limit=10&sort=&psf=advsrch&from=advancedsearch,11,84720,24751,15452,8844,853,1598,539,2009,728,360,208,5040,3388,3324,1399,1218,,1490,,974,653,,1065,895,,Netto Marken-Discount,9503,Promedis24,1843,ACTIEF Personalmanagement GmbH,1550,Amadeus FiRe,1474,I.K. Hofmann GmbH,1431,Hera Med GmbH,1083,Runtime,1004,Promedis24 Nord GmbH,838,Brunel,789,DIS AG,747,DEKRA Arbeit Gruppe,745,All.medi Personallogistik GmbH,706,PRIOMED GmbH,677,akut...Medizinische Personallogistik GmbH,658,EXPERTS & TALENTS GmbH,563,82876,1636,803,,1048,47,1009,790,,54,33,
11,05/25/2020;00:08;,https://de.indeed.com/Jobs?as_and=&as_phr=&as_any=&as_not=&as_ttl=&as_cmp=&st=&as_src=&radius=25&l=Deutschland&fromage=11&limit=10&sort=&psf=advsrch&from=advancedsearch,12,93393,27721,16853,9992,943,1786,602,2240,846,393,226,5609,3728,3697,1570,1374,,1645,,1077,,,1184,1005,,Netto Marken-Discount,9503,Promedis24,1843,ACTIEF Personalmanagement GmbH,1704,Amadeus FiRe,1614,I.K. Hofmann GmbH,1594,Hera Med GmbH,1083,Runtime,1047,DEKRA Arbeit Gruppe,852,Promedis24 Nord GmbH,838,DIS AG,806,Brunel,789,akut...Medizinische Personallogistik GmbH,729,All.medi Personallogistik GmbH,710,PRIOMED GmbH,683,EXPERTS & TALENTS GmbH,563,91309,1856,951,,1169,49,1115,873,731,56,34,
12,05/25/2020;00:08;,https://de.indeed.com/Jobs?as_and=&as_phr=&as_any=&as_not=&as_ttl=&as_cmp=&st=&as_src=&radius=25&l=Deutschland&fromage=12&limit=10&sort=&psf=advsrch&from=advancedsearch,13,101829,30780,18144,11155,1050,2020,669,2605,962,423,232,6073,4031,3964,1736,1513,,1837,,1240,775,,1297,1174,,Netto Marken-Discount,9503,ACTIEF Personalmanagement GmbH,2041,Promedis24,1843,I.K. Hofmann GmbH,1788,Amadeus FiRe,1770,Runtime,1138,Hera Med GmbH,1083,DEKRA Arbeit Gruppe,921,DIS AG,879,Promedis24 Nord GmbH,838,All.medi Personallogistik GmbH,794,Brunel,789,akut...Medizinische Personallogistik GmbH,763,PRIOMED GmbH,684,Randstad,589,99503,2080,1079,,1246,53,1208,930,,63,35,
13,05/25/2020;00:08;,https://de.indeed.com/Jobs?as_and=&as_phr=&as_any=&as_not=&as_ttl=&as_cmp=&st=&as_src=&radius=25&l=Deutschland&fromage=13&limit=10&sort=&psf=advsrch&from=advancedsearch,14,109972,33731,19436,12032,1120,2181,763,2861,1032,457,239,6476,4372,4219,1896,1620,,1976,,1378,,,1445,1283,,Netto Marken-Discount,9503,ACTIEF Personalmanagement GmbH,2230,I.K. Hofmann GmbH,2040,Amadeus FiRe,1939,Promedis24,1843,Runtime,1249,Hera Med GmbH,1083,DEKRA Arbeit Gruppe,983,DIS AG,945,Promedis24 Nord GmbH,838,akut...Medizinische Personallogistik GmbH,833,All.medi Personallogistik GmbH,806,Brunel,789,PRIOMED GmbH,686,Randstad,667,107469,2249,1213,,1432,55,1302,988,838,63,39,
14,05/25/2020;00:08;,https://de.indeed.com/Jobs?as_and=&as_phr=&as_any=&as_not=&as_ttl=&as_cmp=&st=&as_src=&radius=25&l=Deutschland&fromage=14&limit=10&sort=&psf=advsrch&from=advancedsearch,15,111230,34055,19625,12201,1163,2215,781,2870,1045,469,242,6614,4421,4286,1930,1660,,1995,,1400,,,1453,1301,,Netto Marken-Discount,9503,ACTIEF Personalmanagement GmbH,2230,Amadeus FiRe,2141,I.K. Hofmann GmbH,2040,Promedis24,1843,Runtime,1253,Hera Med GmbH,1083,DEKRA Arbeit Gruppe,983,DIS AG,955,Promedis24 Nord GmbH,838,akut...Medizinische Personallogistik GmbH,833,All.medi Personallogistik GmbH,806,Brunel,789,PRIOMED GmbH,692,Randstad,690,108695,2280,1221,,1448,55,1327,1001,857,63,39,
15,05/25/2020;00:08;,https://de.indeed.com/Jobs?as_and=&as_phr=&as_any=&as_not=&as_ttl=&as_cmp=&st=&as_src=&radius=25&l=Deutschland&fromage=15&limit=10&sort=&psf=advsrch&from=advancedsearch,16,112296,34372,19820,12366,1186,2233,806,2879,1049,474,243,6694,4476,4319,1958,1668,,2005,,1419,,,1498,1321,,Netto Marken-Discount,9503,ACTIEF Personalmanagement GmbH,2230,Amadeus FiRe,2141,I.K. Hofmann GmbH,2040,Promedis24,1843,Runtime,1256,Hera Med GmbH,1083,DEKRA Arbeit Gruppe,983,DIS AG,967,Promedis24 Nord GmbH,838,akut...Medizinische Personallogistik GmbH,833,All.medi Personallogistik GmbH,806,Brunel,789,Randstad,716,PRIOMED GmbH,694,109735,2306,1229,,1464,55,1336,1008,860,63,39,
16,05/25/2020;00:09;,https://de.indeed.com/Jobs?as_and=&as_phr=&as_any=&as_not=&as_ttl=&as_cmp=&st=&as_src=&radius=25&l=Deutschland&fromage=16&limit=10&sort=&psf=advsrch&from=advancedsearch,17,118894,36791,20909,13185,1252,2322,848,3136,1121,494,258,6900,4730,4597,2066,1766,,2166,,1535,,,1575,1393,,Netto Marken-Discount,9503,ACTIEF Personalmanagement GmbH,2415,I.K. Hofmann GmbH,2162,Amadeus FiRe,2141,Promedis24,1843,Runtime,1256,Hera Med GmbH,1083,DEKRA Arbeit Gruppe,1070,DIS AG,1064,All.medi Personallogistik GmbH,908,akut...Medizinische Personallogistik GmbH,884,Promedis24 Nord GmbH,838,Brunel,789,Randstad,761,PRIOMED GmbH,700,116176,2442,1300,,1539,71,1411,1078,934,63,42,
17,05/25/2020;00:09;,https://de.indeed.com/Jobs?as_and=&as_phr=&as_any=&as_not=&as_ttl=&as_cmp=&st=&as_src=&radius=25&l=Deutschland&fromage=17&limit=10&sort=&psf=advsrch&from=advancedsearch,18,126404,39648,22225,14227,1361,2487,910,3403,1237,540,280,7381,5023,4881,2206,1899,,2348,,1648,,,1684,1468,,Netto Marken-Discount,9504,ACTIEF Personalmanagement GmbH,2450,I.K. Hofmann GmbH,2195,Amadeus FiRe,2141,Promedis24,1843,Runtime,1279,DEKRA Arbeit Gruppe,1176,DIS AG,1147,Hera Med GmbH,1083,All.medi Personallogistik GmbH,908,akut...Medizinische Personallogistik GmbH,884,Promedis24 Nord GmbH,838,Randstad,823,Lidl,796,Brunel,789,123481,2625,1421,,1627,78,1498,1161,1007,67,45,
18,05/25/2020;00:09;,https://de.indeed.com/Jobs?as_and=&as_phr=&as_any=&as_not=&as_ttl=&as_cmp=&st=&as_src=&radius=25&l=Deutschland&fromage=18&limit=10&sort=&psf=advsrch&from=advancedsearch,19,133032,42069,23403,15095,1442,2606,962,3587,1366,567,283,7808,5307,5126,2343,1998,,2460,,1761,,,1768,1529,,Netto Marken-Discount,9504,ACTIEF Personalmanagement GmbH,2553,I.K. Hofmann GmbH,2235,Amadeus FiRe,2141,Promedis24,1843,Runtime,1288,DEKRA Arbeit Gruppe,1262,DIS AG,1254,Hera Med GmbH,1083,All.medi Personallogistik GmbH,912,Randstad,894,akut...Medizinische Personallogistik GmbH,884,Lidl,843,Promedis24 Nord GmbH,838,BANKPOWER GmbH,812,129927,2790,1515,,1690,83,1560,1243,1051,72,48,
19,05/25/2020;00:09;,https://de.indeed.com/Jobs?as_and=&as_phr=&as_any=&as_not=&as_ttl=&as_cmp=&st=&as_src=&radius=25&l=Deutschland&fromage=19&limit=10&sort=&psf=advsrch&from=advancedsearch,20,140199,44677,24459,15957,1507,2752,1032,4263,1454,600,287,8182,5543,5399,2479,2107,,2625,,1876,,,1835,1587,,Netto Marken-Discount,9505,ACTIEF Personalmanagement GmbH,2752,I.K. Hofmann GmbH,2310,Amadeus FiRe,2141,Promedis24,1843,Deutsche Post DHL Group,1470,DIS AG,1342,DEKRA Arbeit Gruppe,1315,Runtime,1302,Hera Med GmbH,1083,Randstad,939,All.medi Personallogistik GmbH,912,akut...Medizinische Personallogistik GmbH,884,Lidl,872,Promedis24 Nord GmbH,838,136869,2985,1572,,1796,98,1672,1292,1124,79,48,
20,05/25/2020;00:09;,https://de.indeed.com/Jobs?as_and=&as_phr=&as_any=&as_not=&as_ttl=&as_cmp=&st=&as_src=&radius=25&l=Deutschland&fromage=20&limit=10&sort=&psf=advsrch&from=advancedsearch,21,146729,47004,25548,16995,1584,2884,1096,4447,1577,631,306,8597,5831,5621,2623,2211,,2733,,1973,,,1905,1651,,Netto Marken-Discount,9505,ACTIEF Personalmanagement GmbH,2846,I.K. Hofmann GmbH,2358,Amadeus FiRe,2141,Promedis24,1843,Deutsche Post DHL Group,1470,DIS AG,1421,DEKRA Arbeit Gruppe,1351,Runtime,1315,Hera Med GmbH,1083,Randstad,982,All.medi Personallogistik GmbH,912,Lidl,893,akut...Medizinische Personallogistik GmbH,890,BANKPOWER GmbH,850,143235,3137,1644,,1893,105,1764,1346,1159,81,48,
21,05/25/2020;00:10;,https://de.indeed.com/Jobs?as_and=&as_phr=&as_any=&as_not=&as_ttl=&as_cmp=&st=&as_src=&radius=25&l=Deutschland&fromage=21&limit=10&sort=&psf=advsrch&from=advancedsearch,22,147653,47288,25710,17077,1632,2905,1114,4461,1584,637,310,8680,5868,5659,2643,2233,,2747,,1997,,,1919,1668,,Netto Marken-Discount,9505,ACTIEF Personalmanagement GmbH,2846,I.K. Hofmann GmbH,2365,Amadeus FiRe,2141,Promedis24,1843,Deutsche Post DHL Group,1470,DIS AG,1431,DEKRA Arbeit Gruppe,1352,Runtime,1315,Hera Med GmbH,1083,Randstad,1006,All.medi Personallogistik GmbH,912,Lidl,893,akut...Medizinische Personallogistik GmbH,890,BANKPOWER GmbH,851,144121,3174,1650,,1897,105,1771,1354,1166,82,48,
22,05/25/2020;00:10;,https://de.indeed.com/Jobs?as_and=&as_phr=&as_any=&as_not=&as_ttl=&as_cmp=&st=&as_src=&radius=25&l=Deutschland&fromage=22&limit=10&sort=&psf=advsrch&from=advancedsearch,23,149375,47571,25804,17153,1669,2924,1130,4467,1596,641,310,8739,5955,5697,2660,2262,,2775,,2023,,,1933,1753,,Netto Marken-Discount,9505,ACTIEF Personalmanagement GmbH,2846,I.K. Hofmann GmbH,2365,Amadeus FiRe,2141,Promedis24,1843,Brunel,1680,Deutsche Post DHL Group,1470,DIS AG,1454,DEKRA Arbeit Gruppe,1354,Runtime,1315,Hera Med GmbH,1083,Randstad,1024,All.medi Personallogistik GmbH,912,Lidl,893,akut...Medizinische Personallogistik GmbH,890,145820,3197,1707,,1903,105,1797,1358,1202,82,48,
23,05/25/2020;00:10;,https://de.indeed.com/Jobs?as_and=&as_phr=&as_any=&as_not=&as_ttl=&as_cmp=&st=&as_src=&radius=25&l=Deutschland&fromage=23&limit=10&sort=&psf=advsrch&from=advancedsearch,24,150908,48082,26032,17231,1714,2937,1154,4478,1638,650,316,8860,6013,5891,2696,2289,,2795,,2041,,,1951,1765,,Netto Marken-Discount,9505,ACTIEF Personalmanagement GmbH,2899,I.K. Hofmann GmbH,2365,Amadeus FiRe,2141,Promedis24,1843,Brunel,1680,DIS AG,1498,Deutsche Post DHL Group,1470,DEKRA Arbeit Gruppe,1379,Runtime,1315,Hera Med GmbH,1083,Randstad,1034,All.medi Personallogistik GmbH,912,Lidl,893,akut...Medizinische Personallogistik GmbH,890,147279,3268,1721,,1919,105,1826,1366,1208,82,50,
24,05/25/2020;00:10;,https://de.indeed.com/Jobs?as_and=&as_phr=&as_any=&as_not=&as_ttl=&as_cmp=&st=&as_src=&radius=25&l=Deutschland&fromage=24&limit=10&sort=&psf=advsrch&from=advancedsearch,25,156535,49916,26923,18028,1772,3022,1207,4677,1703,677,322,9182,6259,6096,2812,2375,,2949,,2138,,,2050,1833,,Netto Marken-Discount,9505,ACTIEF Personalmanagement GmbH,2964,I.K. Hofmann GmbH,2388,Amadeus FiRe,2141,Promedis24,1843,Brunel,1680,DIS AG,1529,Deutsche Post DHL Group,1470,DEKRA Arbeit Gruppe,1390,Runtime,1315,Hera Med GmbH,1083,Randstad,1073,Lidl,939,All.medi Personallogistik GmbH,912,akut...Medizinische Personallogistik GmbH,895,152720,3441,1773,,1977,108,1879,1410,1239,85,50,
25,05/25/2020;00:10;,https://de.indeed.com/Jobs?as_and=&as_phr=&as_any=&as_not=&as_ttl=&as_cmp=&st=&as_src=&radius=25&l=Deutschland&fromage=25&limit=10&sort=&psf=advsrch&from=advancedsearch,26,161193,51571,27777,18671,1836,3106,1253,4819,1787,706,328,9481,6493,6273,2910,2439,,3061,,2189,,,2096,1890,,Netto Marken-Discount,9505,ACTIEF Personalmanagement GmbH,2979,I.K. Hofmann GmbH,2394,Amadeus FiRe,2141,Promedis24,1843,Brunel,1680,DIS AG,1550,Deutsche Post DHL Group,1470,DEKRA Arbeit Gruppe,1404,Runtime,1315,Randstad,1116,Hera Med GmbH,1083,Lidl,985,All.medi Personallogistik GmbH,912,akut...Medizinische Personallogistik GmbH,898,157222,3584,1797,,2027,108,1925,1451,1275,86,52,
26,05/25/2020;00:10;,https://de.indeed.com/Jobs?as_and=&as_phr=&as_any=&as_not=&as_ttl=&as_cmp=&st=&as_src=&radius=25&l=Deutschland&fromage=26&limit=10&sort=&psf=advsrch&from=advancedsearch,27,165916,53321,28698,19319,1880,3203,1285,4999,1852,739,332,9793,6683,6390,2997,2532,,3139,,2263,,,2146,1936,,Netto Marken-Discount,9505,ACTIEF Personalmanagement GmbH,3130,I.K. Hofmann GmbH,2403,Amadeus FiRe,2141,Promedis24,1843,Brunel,1680,DIS AG,1569,Deutsche Post DHL Group,1470,DEKRA Arbeit Gruppe,1406,Runtime,1315,Randstad,1183,Lidl,1111,Hera Med GmbH,1083,akut...Medizinische Personallogistik GmbH,914,All.medi Personallogistik GmbH,913,161786,3728,1839,,2088,111,1985,1485,1314,86,53,
27,05/25/2020;00:11;,https://de.indeed.com/Jobs?as_and=&as_phr=&as_any=&as_not=&as_ttl=&as_cmp=&st=&as_src=&radius=25&l=Deutschland&fromage=27&limit=10&sort=&psf=advsrch&from=advancedsearch,28,170481,54978,29543,20034,1927,3294,1304,5113,1939,764,344,10096,6897,6519,3081,2574,,3229,,2342,,,2188,1978,,Netto Marken-Discount,9505,ACTIEF Personalmanagement GmbH,3241,I.K. Hofmann GmbH,2452,Amadeus FiRe,2141,Promedis24,1843,Brunel,1680,DIS AG,1592,Deutsche Post DHL Group,1470,DEKRA Arbeit Gruppe,1413,Runtime,1315,Randstad,1248,Lidl,1165,Hera Med GmbH,1083,akut...Medizinische Personallogistik GmbH,921,All.medi Personallogistik GmbH,913,166204,3856,1863,,2126,118,2047,1523,1338,86,55,
28,05/25/2020;00:11;,https://de.indeed.com/Jobs?as_and=&as_phr=&as_any=&as_not=&as_ttl=&as_cmp=&st=&as_src=&radius=25&l=Deutschland&fromage=28&limit=10&sort=&psf=advsrch&from=advancedsearch,29,170831,55137,29601,20114,1932,3304,1304,5119,1942,767,344,10119,6902,6529,3096,2580,,3237,,2351,,,2193,1986,,Netto Marken-Discount,9505,ACTIEF Personalmanagement GmbH,3243,I.K. Hofmann GmbH,2460,Amadeus FiRe,2141,Promedis24,1843,Brunel,1680,DIS AG,1594,Deutsche Post DHL Group,1470,DEKRA Arbeit Gruppe,1413,Runtime,1315,Randstad,1276,Lidl,1165,Hera Med GmbH,1083,akut...Medizinische Personallogistik GmbH,921,All.medi Personallogistik GmbH,913,166546,3863,1863,,2132,119,2052,1523,1343,86,55,
29,05/25/2020;00:11;,https://de.indeed.com/Jobs?as_and=&as_phr=&as_any=&as_not=&as_ttl=&as_cmp=&st=&as_src=&radius=25&l=Deutschland&fromage=29&limit=10&sort=&psf=advsrch&from=advancedsearch,30,171343,55396,29698,20210,1936,3328,1307,5127,1948,769,344,10157,6925,6540,3112,2583,,3246,,2354,,,2199,1999,,Netto Marken-Discount,9505,ACTIEF Personalmanagement GmbH,3243,I.K. Hofmann GmbH,2460,Amadeus FiRe,2141,Promedis24,1843,Brunel,1680,DIS AG,1598,Deutsche Post DHL Group,1470,DEKRA Arbeit Gruppe,1413,Runtime,1315,Randstad,1292,Lidl,1165,Hera Med GmbH,1083,akut...Medizinische Personallogistik GmbH,921,All.medi Personallogistik GmbH,913,167039,3882,1883,,2141,119,2063,1526,1346,86,55,
30,05/25/2020;00:11;,https://de.indeed.com/Jobs?as_and=&as_phr=&as_any=&as_not=&as_ttl=&as_cmp=&st=&as_src=&radius=25&l=Deutschland&fromage=30&limit=10&sort=&psf=advsrch&from=advancedsearch,31,174768,56822,30370,20939,1966,3387,1334,5241,1993,788,348,10382,7060,6645,3218,2647,,3309,,2405,,,2242,2080,,Netto Marken-Discount,9505,ACTIEF Personalmanagement GmbH,3252,I.K. Hofmann GmbH,2462,Amadeus FiRe,2141,Promedis24,1843,Brunel,1680,DIS AG,1598,Deutsche Post DHL Group,1470,DEKRA Arbeit Gruppe,1414,Randstad,1341,Runtime,1315,Lidl,1191,Hera Med GmbH,1083,akut...Medizinische Personallogistik GmbH,921,BANKPOWER GmbH,921,170333,3999,1908,,2182,122,2126,1547,1362,93,55,
